{
  "rounds": [
    1,
    2,
    3,
    4,
    5,
    6,
    7,
    8,
    9,
    10,
    11,
    12,
    13,
    14,
    15,
    16,
    17,
    18,
    19,
    20
  ],
  "urban_acc": [
    81.49078726968175,
    84.17085427135679,
    85.25963149078727,
    85.00837520938023,
    85.25963149078727,
    84.50586264656617,
    85.5108877721943,
    85.678391959799,
    85.17587939698493,
    84.84087102177554,
    85.17587939698493,
    84.92462311557789,
    85.09212730318258,
    85.59463986599664,
    85.25963149078727,
    85.09212730318258,
    85.42713567839196,
    86.18090452261306,
    85.09212730318258,
    85.678391959799
  ],
  "rural_acc": [
    79.0310826384652,
    80.92332723205206,
    83.10961968680091,
    82.56304657311368,
    83.86380584367161,
    84.1180258965494,
    85.50521998508576,
    85.2942173411972,
    85.12643210629788,
    84.37055114907463,
    84.83238424513591,
    84.20276591417532,
    84.37224594942717,
    84.41376855806385,
    85.75944003796353,
    85.84418005558945,
    86.01196529048877,
    86.1382279167514,
    84.83577384584096,
    86.01027049013626
  ],
  "compression": [
    78.48218417399352,
    78.48218417399352,
    78.48218417399352,
    78.48218417399352,
    78.48218417399352,
    78.48218417399352,
    78.48218417399352,
    78.48218417399352,
    78.48218417399352,
    78.48218417399352,
    78.48218417399352,
    78.48218417399352,
    78.48218417399352,
    78.48218417399352,
    78.48218417399352,
    78.48218417399352,
    78.48218417399352,
    78.48218417399352,
    78.48218417399352,
    78.48218417399352
  ]
}