{
  "rounds": [
    1,
    2,
    3,
    4,
    5,
    6,
    7,
    8,
    9,
    10,
    11,
    12,
    13,
    14,
    15,
    16,
    17,
    18,
    19,
    20
  ],
  "urban_acc": [
    53.333333333333336,
    53.333333333333336,
    53.333333333333336,
    53.333333333333336,
    53.333333333333336,
    46.666666666666664,
    53.333333333333336,
    53.333333333333336,
    53.333333333333336,
    53.333333333333336,
    53.333333333333336,
    53.333333333333336,
    53.333333333333336,
    53.333333333333336,
    53.333333333333336,
    53.333333333333336,
    46.666666666666664,
    43.333333333333336,
    53.333333333333336,
    53.333333333333336
  ],
  "rural_acc": [
    53.333333333333336,
    53.333333333333336,
    53.333333333333336,
    53.333333333333336,
    53.333333333333336,
    46.666666666666664,
    53.333333333333336,
    53.333333333333336,
    53.333333333333336,
    53.333333333333336,
    53.333333333333336,
    53.333333333333336,
    53.333333333333336,
    53.333333333333336,
    53.333333333333336,
    53.333333333333336,
    46.666666666666664,
    43.333333333333336,
    53.333333333333336,
    53.333333333333336
  ],
  "compression": [
    77.64378478664193,
    77.64378478664193,
    77.64378478664193,
    77.64378478664193,
    77.64378478664193,
    77.64378478664193,
    77.64378478664193,
    77.64378478664193,
    77.64378478664193,
    77.64378478664193,
    77.64378478664193,
    77.64378478664193,
    77.64378478664193,
    77.64378478664193,
    77.64378478664193,
    77.64378478664193,
    77.64378478664193,
    77.64378478664193,
    77.64378478664193,
    77.64378478664193
  ]
}